-- phpMyAdmin SQL Dump
-- version phpStudy 2014
-- http://www.phpmyadmin.net
--
-- ä¸»æœº: localhost
-- ç”Ÿæˆæ—¥æœŸ: 2018 å¹?07 æœ?18 æ—?00:59
-- æœåŠ¡å™¨ç‰ˆæœ¬: 5.5.53
-- PHP ç‰ˆæœ¬: 5.5.38

SET SQL_MODE="NO_AUTO_VALUE_ON_ZERO";
SET time_zone = "+00:00";


/*!40101 SET @OLD_CHARACTER_SET_CLIENT=@@CHARACTER_SET_CLIENT */;
/*!40101 SET @OLD_CHARACTER_SET_RESULTS=@@CHARACTER_SET_RESULTS */;
/*!40101 SET @OLD_COLLATION_CONNECTION=@@COLLATION_CONNECTION */;
/*!40101 SET NAMES utf8 */;

--
-- æ•°æ®åº“: `rbac`
--

-- --------------------------------------------------------

--
-- è¡¨çš„ç»“æ„ `rbac_access`
--

CREATE TABLE IF NOT EXISTS `rbac_access` (
  `role_id` smallint(6) unsigned NOT NULL,
  `node_id` smallint(6) unsigned NOT NULL,
  `level` tinyint(1) NOT NULL,
  `module` varchar(50) DEFAULT NULL,
  KEY `groupId` (`role_id`),
  KEY `nodeId` (`node_id`)
) ENGINE=MyISAM DEFAULT CHARSET=utf8;

--
-- è½¬å­˜è¡¨ä¸­çš„æ•°æ® `rbac_access`
--

INSERT INTO `rbac_access` (`role_id`, `node_id`, `level`, `module`) VALUES
(2, 21, 3, NULL),
(2, 20, 3, NULL),
(1, 21, 3, NULL),
(1, 20, 3, NULL),
(2, 19, 3, NULL),
(2, 14, 2, NULL),
(2, 16, 3, NULL),
(3, 17, 3, NULL),
(3, 18, 3, NULL),
(3, 15, 2, NULL),
(3, 2, 1, NULL),
(1, 19, 3, NULL),
(1, 14, 2, NULL),
(1, 2, 1, NULL),
(3, 16, 3, NULL),
(2, 28, 3, NULL),
(2, 27, 3, NULL),
(2, 18, 3, NULL),
(2, 17, 3, NULL),
(4, 14, 2, NULL),
(4, 28, 3, NULL),
(4, 27, 3, NULL),
(4, 18, 3, NULL),
(4, 17, 3, NULL),
(4, 16, 3, NULL),
(4, 15, 2, NULL),
(4, 2, 1, NULL),
(4, 1, 1, NULL),
(4, 19, 3, NULL),
(4, 20, 3, NULL),
(4, 21, 3, NULL),
(4, 4, 2, NULL),
(4, 29, 3, NULL),
(4, 13, 3, NULL),
(4, 30, 3, NULL),
(2, 32, 3, NULL),
(2, 33, 3, NULL),
(2, 34, 3, NULL),
(2, 15, 2, NULL),
(2, 2, 1, NULL);

-- --------------------------------------------------------

--
-- è¡¨çš„ç»“æ„ `rbac_article`
--

CREATE TABLE IF NOT EXISTS `rbac_article` (
  `aid` int(11) NOT NULL AUTO_INCREMENT,
  `sid` int(11) NOT NULL COMMENT 'åˆ†ç±»id',
  `title` varchar(255) NOT NULL COMMENT 'æ ‡é¢˜',
  `seotitle` varchar(255) DEFAULT NULL COMMENT 'SEOæ ‡é¢˜',
  `keywords` varchar(255) NOT NULL COMMENT 'å…³é”®è¯',
  `description` varchar(255) NOT NULL COMMENT 'æ‘˜è¦',
  `thumbnail` varchar(255) NOT NULL COMMENT 'ç¼©ç•¥å›¾',
  `content` text NOT NULL COMMENT 'å†…å®¹',
  `t` int(10) unsigned NOT NULL COMMENT 'æ—¶é—´',
  `n` int(10) unsigned NOT NULL DEFAULT '0' COMMENT 'ç‚¹å‡»',
  PRIMARY KEY (`aid`),
  KEY `sid` (`sid`)
) ENGINE=MyISAM  DEFAULT CHARSET=utf8 ROW_FORMAT=DYNAMIC AUTO_INCREMENT=8 ;

--
-- è½¬å­˜è¡¨ä¸­çš„æ•°æ® `rbac_article`
--

INSERT INTO `rbac_article` (`aid`, `sid`, `title`, `seotitle`, `keywords`, `description`, `thumbnail`, `content`, `t`, `n`) VALUES
(1, 1, 'æµ‹è¯•', 'æµ‹è¯•', 'æµ‹è¯•', 'æµ‹è¯•', '', '<span>å¤§è¨è¾¾å¤šæ’’çš„æ’’çš„æ’’çš„ æŒ‰æ—¶</span><span>å¤§è¨è¾¾å¤šæ’’çš„æ’’çš„æ’’çš„ æŒ‰æ—¶</span><span>å¤§è¨è¾¾å¤šæ’’çš„æ’’çš„æ’’çš„ æŒ‰æ—¶</span><span>å¤§è¨è¾¾å¤šæ’’çš„æ’’çš„æ’’çš„ æŒ‰æ—¶</span><span>å¤§è¨è¾¾å¤šæ’’çš„æ’’çš„æ’’çš„ æŒ‰æ—¶</span><span>å¤§è¨è¾¾å¤šæ’’çš„æ’’çš„æ’’çš„ æŒ‰æ—¶</span><span>å¤§è¨è¾¾å¤šæ’’çš„æ’’çš„æ’’çš„ æŒ‰æ—¶</span><span>å¤§è¨è¾¾å¤šæ’’çš„æ’’çš„æ’’çš„ æŒ‰æ—¶</span><span>å¤§è¨è¾¾å¤šæ’’çš„æ’’çš„æ’’çš„ æŒ‰æ—¶</span><span>å¤§è¨è¾¾å¤šæ’’çš„æ’’çš„æ’’çš„ æŒ‰æ—¶</span><span>å¤§è¨è¾¾å¤šæ’’çš„æ’’çš„æ’’çš„ æŒ‰æ—¶</span><span>å¤§è¨è¾¾å¤šæ’’çš„æ’’çš„æ’’çš„ æŒ‰æ—¶</span><span>å¤§è¨è¾¾å¤šæ’’çš„æ’’çš„æ’’çš„ æŒ‰æ—¶</span><span>å¤§è¨è¾¾å¤šæ’’çš„æ’’çš„æ’’çš„ æŒ‰æ—¶</span><span>å¤§è¨è¾¾å¤šæ’’çš„æ’’çš„æ’’çš„ æŒ‰æ—¶</span><span>å¤§è¨è¾¾å¤šæ’’çš„æ’’çš„æ’’çš„ æŒ‰æ—¶</span><span>å¤§è¨è¾¾å¤šæ’’çš„æ’’çš„æ’’çš„ æŒ‰æ—¶</span><span>å¤§è¨è¾¾å¤šæ’’çš„æ’’çš„æ’’çš„ æŒ‰æ—¶</span><span>å¤§è¨è¾¾å¤šæ’’çš„æ’’çš„æ’’çš„ æŒ‰æ—¶</span><span>å¤§è¨è¾¾å¤šæ’’çš„æ’’çš„æ’’çš„ æŒ‰æ—¶</span>', 1525442754, 0),
(2, 1, 'æµ‹è¯•', 'æµ‹è¯•', 'æµ‹è¯•', 'æµ‹è¯•', '', '<span>å¤§è¨è¾¾å¤šæ’’çš„æ’’çš„æ’’çš„ æŒ‰æ—¶</span><span>å¤§è¨è¾¾å¤šæ’’çš„æ’’çš„æ’’çš„ æŒ‰æ—¶</span><span>å¤§è¨è¾¾å¤šæ’’çš„æ’’çš„æ’’çš„ æŒ‰æ—¶</span><span>å¤§è¨è¾¾å¤šæ’’çš„æ’’çš„æ’’çš„ æŒ‰æ—¶</span><span>å¤§è¨è¾¾å¤šæ’’çš„æ’’çš„æ’’çš„ æŒ‰æ—¶</span><span>å¤§è¨è¾¾å¤šæ’’çš„æ’’çš„æ’’çš„ æŒ‰æ—¶</span><span>å¤§è¨è¾¾å¤šæ’’çš„æ’’çš„æ’’çš„ æŒ‰æ—¶</span><span>å¤§è¨è¾¾å¤šæ’’çš„æ’’çš„æ’’çš„ æŒ‰æ—¶</span><span>å¤§è¨è¾¾å¤šæ’’çš„æ’’çš„æ’’çš„ æŒ‰æ—¶</span><span>å¤§è¨è¾¾å¤šæ’’çš„æ’’çš„æ’’çš„ æŒ‰æ—¶</span><span>å¤§è¨è¾¾å¤šæ’’çš„æ’’çš„æ’’çš„ æŒ‰æ—¶</span><span>å¤§è¨è¾¾å¤šæ’’çš„æ’’çš„æ’’çš„ æŒ‰æ—¶</span><span>å¤§è¨è¾¾å¤šæ’’çš„æ’’çš„æ’’çš„ æŒ‰æ—¶</span><span>å¤§è¨è¾¾å¤šæ’’çš„æ’’çš„æ’’çš„ æŒ‰æ—¶</span><span>å¤§è¨è¾¾å¤šæ’’çš„æ’’çš„æ’’çš„ æŒ‰æ—¶</span><span>å¤§è¨è¾¾å¤šæ’’çš„æ’’çš„æ’’çš„ æŒ‰æ—¶</span><span>å¤§è¨è¾¾å¤šæ’’çš„æ’’çš„æ’’çš„ æŒ‰æ—¶</span><span>å¤§è¨è¾¾å¤šæ’’çš„æ’’çš„æ’’çš„ æŒ‰æ—¶</span><span>å¤§è¨è¾¾å¤šæ’’çš„æ’’çš„æ’’çš„ æŒ‰æ—¶</span><span>å¤§è¨è¾¾å¤šæ’’çš„æ’’çš„æ’’çš„ æŒ‰æ—¶</span>', 1525442798, 0),
(3, 1, 'æµ‹è¯•', 'æµ‹è¯•', 'æµ‹è¯•', 'æµ‹è¯•', '', '<span>å¤§è¨è¾¾å¤šæ’’çš„æ’’çš„æ’’çš„ æŒ‰æ—¶</span><span>å¤§è¨è¾¾å¤šæ’’çš„æ’’çš„æ’’çš„ æŒ‰æ—¶</span><span>å¤§è¨è¾¾å¤šæ’’çš„æ’’çš„æ’’çš„ æŒ‰æ—¶</span><span>å¤§è¨è¾¾å¤šæ’’çš„æ’’çš„æ’’çš„ æŒ‰æ—¶</span><span>å¤§è¨è¾¾å¤šæ’’çš„æ’’çš„æ’’çš„ æŒ‰æ—¶</span><span>å¤§è¨è¾¾å¤šæ’’çš„æ’’çš„æ’’çš„ æŒ‰æ—¶</span><span>å¤§è¨è¾¾å¤šæ’’çš„æ’’çš„æ’’çš„ æŒ‰æ—¶</span><span>å¤§è¨è¾¾å¤šæ’’çš„æ’’çš„æ’’çš„ æŒ‰æ—¶</span><span>å¤§è¨è¾¾å¤šæ’’çš„æ’’çš„æ’’çš„ æŒ‰æ—¶</span><span>å¤§è¨è¾¾å¤šæ’’çš„æ’’çš„æ’’çš„ æŒ‰æ—¶</span><span>å¤§è¨è¾¾å¤šæ’’çš„æ’’çš„æ’’çš„ æŒ‰æ—¶</span><span>å¤§è¨è¾¾å¤šæ’’çš„æ’’çš„æ’’çš„ æŒ‰æ—¶</span><span>å¤§è¨è¾¾å¤šæ’’çš„æ’’çš„æ’’çš„ æŒ‰æ—¶</span><span>å¤§è¨è¾¾å¤šæ’’çš„æ’’çš„æ’’çš„ æŒ‰æ—¶</span><span>å¤§è¨è¾¾å¤šæ’’çš„æ’’çš„æ’’çš„ æŒ‰æ—¶</span><span>å¤§è¨è¾¾å¤šæ’’çš„æ’’çš„æ’’çš„ æŒ‰æ—¶</span><span>å¤§è¨è¾¾å¤šæ’’çš„æ’’çš„æ’’çš„ æŒ‰æ—¶</span><span>å¤§è¨è¾¾å¤šæ’’çš„æ’’çš„æ’’çš„ æŒ‰æ—¶</span><span>å¤§è¨è¾¾å¤šæ’’çš„æ’’çš„æ’’çš„ æŒ‰æ—¶</span><span>å¤§è¨è¾¾å¤šæ’’çš„æ’’çš„æ’’çš„ æŒ‰æ—¶</span>', 1525442799, 0),
(4, 1, 'æµ‹è¯•', 'æµ‹è¯•', 'æµ‹è¯•', 'æµ‹è¯•', '', '<span>å¤§è¨è¾¾å¤šæ’’çš„æ’’çš„æ’’çš„ æŒ‰æ—¶</span><span>å¤§è¨è¾¾å¤šæ’’çš„æ’’çš„æ’’çš„ æŒ‰æ—¶</span><span>å¤§è¨è¾¾å¤šæ’’çš„æ’’çš„æ’’çš„ æŒ‰æ—¶</span><span>å¤§è¨è¾¾å¤šæ’’çš„æ’’çš„æ’’çš„ æŒ‰æ—¶</span><span>å¤§è¨è¾¾å¤šæ’’çš„æ’’çš„æ’’çš„ æŒ‰æ—¶</span><span>å¤§è¨è¾¾å¤šæ’’çš„æ’’çš„æ’’çš„ æŒ‰æ—¶</span><span>å¤§è¨è¾¾å¤šæ’’çš„æ’’çš„æ’’çš„ æŒ‰æ—¶</span><span>å¤§è¨è¾¾å¤šæ’’çš„æ’’çš„æ’’çš„ æŒ‰æ—¶</span><span>å¤§è¨è¾¾å¤šæ’’çš„æ’’çš„æ’’çš„ æŒ‰æ—¶</span><span>å¤§è¨è¾¾å¤šæ’’çš„æ’’çš„æ’’çš„ æŒ‰æ—¶</span><span>å¤§è¨è¾¾å¤šæ’’çš„æ’’çš„æ’’çš„ æŒ‰æ—¶</span><span>å¤§è¨è¾¾å¤šæ’’çš„æ’’çš„æ’’çš„ æŒ‰æ—¶</span><span>å¤§è¨è¾¾å¤šæ’’çš„æ’’çš„æ’’çš„ æŒ‰æ—¶</span><span>å¤§è¨è¾¾å¤šæ’’çš„æ’’çš„æ’’çš„ æŒ‰æ—¶</span><span>å¤§è¨è¾¾å¤šæ’’çš„æ’’çš„æ’’çš„ æŒ‰æ—¶</span><span>å¤§è¨è¾¾å¤šæ’’çš„æ’’çš„æ’’çš„ æŒ‰æ—¶</span><span>å¤§è¨è¾¾å¤šæ’’çš„æ’’çš„æ’’çš„ æŒ‰æ—¶</span><span>å¤§è¨è¾¾å¤šæ’’çš„æ’’çš„æ’’çš„ æŒ‰æ—¶</span><span>å¤§è¨è¾¾å¤šæ’’çš„æ’’çš„æ’’çš„ æŒ‰æ—¶</span><span>å¤§è¨è¾¾å¤šæ’’çš„æ’’çš„æ’’çš„ æŒ‰æ—¶</span>', 1525442799, 0),
(5, 1, 'æµ‹è¯•', 'æµ‹è¯•', 'æµ‹è¯•', 'æµ‹è¯•', '', '<span>å¤§è¨è¾¾å¤šæ’’çš„æ’’çš„æ’’çš„ æŒ‰æ—¶</span><span>å¤§è¨è¾¾å¤šæ’’çš„æ’’çš„æ’’çš„ æŒ‰æ—¶</span><span>å¤§è¨è¾¾å¤šæ’’çš„æ’’çš„æ’’çš„ æŒ‰æ—¶</span><span>å¤§è¨è¾¾å¤šæ’’çš„æ’’çš„æ’’çš„ æŒ‰æ—¶</span><span>å¤§è¨è¾¾å¤šæ’’çš„æ’’çš„æ’’çš„ æŒ‰æ—¶</span><span>å¤§è¨è¾¾å¤šæ’’çš„æ’’çš„æ’’çš„ æŒ‰æ—¶</span><span>å¤§è¨è¾¾å¤šæ’’çš„æ’’çš„æ’’çš„ æŒ‰æ—¶</span><span>å¤§è¨è¾¾å¤šæ’’çš„æ’’çš„æ’’çš„ æŒ‰æ—¶</span><span>å¤§è¨è¾¾å¤šæ’’çš„æ’’çš„æ’’çš„ æŒ‰æ—¶</span><span>å¤§è¨è¾¾å¤šæ’’çš„æ’’çš„æ’’çš„ æŒ‰æ—¶</span><span>å¤§è¨è¾¾å¤šæ’’çš„æ’’çš„æ’’çš„ æŒ‰æ—¶</span><span>å¤§è¨è¾¾å¤šæ’’çš„æ’’çš„æ’’çš„ æŒ‰æ—¶</span><span>å¤§è¨è¾¾å¤šæ’’çš„æ’’çš„æ’’çš„ æŒ‰æ—¶</span><span>å¤§è¨è¾¾å¤šæ’’çš„æ’’çš„æ’’çš„ æŒ‰æ—¶</span><span>å¤§è¨è¾¾å¤šæ’’çš„æ’’çš„æ’’çš„ æŒ‰æ—¶</span><span>å¤§è¨è¾¾å¤šæ’’çš„æ’’çš„æ’’çš„ æŒ‰æ—¶</span><span>å¤§è¨è¾¾å¤šæ’’çš„æ’’çš„æ’’çš„ æŒ‰æ—¶</span><span>å¤§è¨è¾¾å¤šæ’’çš„æ’’çš„æ’’çš„ æŒ‰æ—¶</span><span>å¤§è¨è¾¾å¤šæ’’çš„æ’’çš„æ’’çš„ æŒ‰æ—¶</span><span>å¤§è¨è¾¾å¤šæ’’çš„æ’’çš„æ’’çš„ æŒ‰æ—¶</span>', 1525442800, 0),
(6, 1, 'æµ‹è¯•', 'æµ‹è¯•', 'æµ‹è¯•', 'æµ‹è¯•', '', '<span>å¤§è¨è¾¾å¤šæ’’çš„æ’’çš„æ’’çš„ æŒ‰æ—¶</span><span>å¤§è¨è¾¾å¤šæ’’çš„æ’’çš„æ’’çš„ æŒ‰æ—¶</span><span>å¤§è¨è¾¾å¤šæ’’çš„æ’’çš„æ’’çš„ æŒ‰æ—¶</span><span>å¤§è¨è¾¾å¤šæ’’çš„æ’’çš„æ’’çš„ æŒ‰æ—¶</span><span>å¤§è¨è¾¾å¤šæ’’çš„æ’’çš„æ’’çš„ æŒ‰æ—¶</span><span>å¤§è¨è¾¾å¤šæ’’çš„æ’’çš„æ’’çš„ æŒ‰æ—¶</span><span>å¤§è¨è¾¾å¤šæ’’çš„æ’’çš„æ’’çš„ æŒ‰æ—¶</span><span>å¤§è¨è¾¾å¤šæ’’çš„æ’’çš„æ’’çš„ æŒ‰æ—¶</span><span>å¤§è¨è¾¾å¤šæ’’çš„æ’’çš„æ’’çš„ æŒ‰æ—¶</span><span>å¤§è¨è¾¾å¤šæ’’çš„æ’’çš„æ’’çš„ æŒ‰æ—¶</span><span>å¤§è¨è¾¾å¤šæ’’çš„æ’’çš„æ’’çš„ æŒ‰æ—¶</span><span>å¤§è¨è¾¾å¤šæ’’çš„æ’’çš„æ’’çš„ æŒ‰æ—¶</span><span>å¤§è¨è¾¾å¤šæ’’çš„æ’’çš„æ’’çš„ æŒ‰æ—¶</span><span>å¤§è¨è¾¾å¤šæ’’çš„æ’’çš„æ’’çš„ æŒ‰æ—¶</span><span>å¤§è¨è¾¾å¤šæ’’çš„æ’’çš„æ’’çš„ æŒ‰æ—¶</span><span>å¤§è¨è¾¾å¤šæ’’çš„æ’’çš„æ’’çš„ æŒ‰æ—¶</span><span>å¤§è¨è¾¾å¤šæ’’çš„æ’’çš„æ’’çš„ æŒ‰æ—¶</span><span>å¤§è¨è¾¾å¤šæ’’çš„æ’’çš„æ’’çš„ æŒ‰æ—¶</span><span>å¤§è¨è¾¾å¤šæ’’çš„æ’’çš„æ’’çš„ æŒ‰æ—¶</span><span>å¤§è¨è¾¾å¤šæ’’çš„æ’’çš„æ’’çš„ æŒ‰æ—¶</span>', 1525442800, 0),
(7, 1, 'æµ‹è¯•', 'æµ‹è¯•', 'æµ‹è¯•', 'æµ‹è¯•', '', '<span>å¤§è¨è¾¾å¤šæ’’çš„æ’’çš„æ’’çš„ æŒ‰æ—¶</span><span>å¤§è¨è¾¾å¤šæ’’çš„æ’’çš„æ’’çš„ æŒ‰æ—¶</span><span>å¤§è¨è¾¾å¤šæ’’çš„æ’’çš„æ’’çš„ æŒ‰æ—¶</span><span>å¤§è¨è¾¾å¤šæ’’çš„æ’’çš„æ’’çš„ æŒ‰æ—¶</span><span>å¤§è¨è¾¾å¤šæ’’çš„æ’’çš„æ’’çš„ æŒ‰æ—¶</span><span>å¤§è¨è¾¾å¤šæ’’çš„æ’’çš„æ’’çš„ æŒ‰æ—¶</span><span>å¤§è¨è¾¾å¤šæ’’çš„æ’’çš„æ’’çš„ æŒ‰æ—¶</span><span>å¤§è¨è¾¾å¤šæ’’çš„æ’’çš„æ’’çš„ æŒ‰æ—¶</span><span>å¤§è¨è¾¾å¤šæ’’çš„æ’’çš„æ’’çš„ æŒ‰æ—¶</span><span>å¤§è¨è¾¾å¤šæ’’çš„æ’’çš„æ’’çš„ æŒ‰æ—¶</span><span>å¤§è¨è¾¾å¤šæ’’çš„æ’’çš„æ’’çš„ æŒ‰æ—¶</span><span>å¤§è¨è¾¾å¤šæ’’çš„æ’’çš„æ’’çš„ æŒ‰æ—¶</span><span>å¤§è¨è¾¾å¤šæ’’çš„æ’’çš„æ’’çš„ æŒ‰æ—¶</span><span>å¤§è¨è¾¾å¤šæ’’çš„æ’’çš„æ’’çš„ æŒ‰æ—¶</span><span>å¤§è¨è¾¾å¤šæ’’çš„æ’’çš„æ’’çš„ æŒ‰æ—¶</span><span>å¤§è¨è¾¾å¤šæ’’çš„æ’’çš„æ’’çš„ æŒ‰æ—¶</span><span>å¤§è¨è¾¾å¤šæ’’çš„æ’’çš„æ’’çš„ æŒ‰æ—¶</span><span>å¤§è¨è¾¾å¤šæ’’çš„æ’’çš„æ’’çš„ æŒ‰æ—¶</span><span>å¤§è¨è¾¾å¤šæ’’çš„æ’’çš„æ’’çš„ æŒ‰æ—¶</span><span>å¤§è¨è¾¾å¤šæ’’çš„æ’’çš„æ’’çš„ æŒ‰æ—¶</span>', 1525442822, 0);

-- --------------------------------------------------------

--
-- è¡¨çš„ç»“æ„ `rbac_attr`
--

CREATE TABLE IF NOT EXISTS `rbac_attr` (
  `id` int(10) unsigned NOT NULL AUTO_INCREMENT,
  `name` char(10) NOT NULL DEFAULT '',
  `color` char(10) NOT NULL DEFAULT '',
  PRIMARY KEY (`id`)
) ENGINE=InnoDB  DEFAULT CHARSET=utf8 ROW_FORMAT=COMPACT AUTO_INCREMENT=7 ;

--
-- è½¬å­˜è¡¨ä¸­çš„æ•°æ® `rbac_attr`
--

INSERT INTO `rbac_attr` (`id`, `name`, `color`) VALUES
(4, 'ç²¾å', '#ff0000'),
(5, 'è®¢åˆ¶', 'green'),
(6, 'æ¨è', 'yellow');

-- --------------------------------------------------------

--
-- è¡¨çš„ç»“æ„ `rbac_author`
--

CREATE TABLE IF NOT EXISTS `rbac_author` (
  `id` int(11) NOT NULL AUTO_INCREMENT COMMENT 'ä½œè€…id',
  `name` varchar(255) NOT NULL DEFAULT '' COMMENT 'ä½œè€…å§“å',
  `email` varchar(255) NOT NULL DEFAULT '' COMMENT 'ç”µå­é‚®ç®±',
  `workplace` varchar(255) NOT NULL DEFAULT '' COMMENT 'æ‰€å±æœºæ„',
  `phone` varchar(255) NOT NULL DEFAULT '' COMMENT 'è”ç³»æ–¹å¼',
  `subcontact` varchar(255) DEFAULT '' COMMENT 'å¤‡ç”¨è”ç³»',
  `address` varchar(255) NOT NULL DEFAULT '' COMMENT 'è”ç³»åœ°å€',
  `postcode` varchar(255) DEFAULT NULL COMMENT 'é‚®ç¼–å·ç ',
  `paper_id` varchar(255) DEFAULT NULL,
  PRIMARY KEY (`id`)
) ENGINE=MyISAM  DEFAULT CHARSET=utf8 AUTO_INCREMENT=43 ;

--
-- è½¬å­˜è¡¨ä¸­çš„æ•°æ® `rbac_author`
--

INSERT INTO `rbac_author` (`id`, `name`, `email`, `workplace`, `phone`, `subcontact`, `address`, `postcode`, `paper_id`) VALUES
(35, 'son x', '804600733@qq.com', 'æ²¡æœ‰', '21 123', '12321321321312', 'æ²¡æœ‰', '21 3123 ', ''),
(39, 'è®¸æ£®', '804600733@qq.com', 'å¹¿å·å¤§å­¦åè½¯è½¯ä»¶å­¦é™¢', '18819616529', '18819616529', 'å¹¿ä»å—è·¯', '510000', '24'),
(38, 'è®¸æ£®', '804600733@qq.com', 'åè½¯', '18819616529', '31313213312311323213', 'æ²¡æœ‰', '525400', '20'),
(40, '4234', '1733954140@qq.com', '2342342', '234', '324234', '23423', '234324', '23'),
(41, 'son x', '804600733@qq.com', 'æ²¡æœ‰213', '18819616529123', '21312321', 'æ²¡æœ‰12312', '525400213', '21'),
(42, 'æµ‹è¯•', '1733954140@qq.com', '123123', '13123', '231231', '312312', '1231', '18');

-- --------------------------------------------------------

--
-- è¡¨çš„ç»“æ„ `rbac_author_paper`
--

CREATE TABLE IF NOT EXISTS `rbac_author_paper` (
  `author_id` int(11) unsigned NOT NULL DEFAULT '0',
  `paper_id` int(11) unsigned NOT NULL DEFAULT '0',
  `position` int(11) unsigned NOT NULL DEFAULT '0',
  KEY `paper_id` (`paper_id`),
  KEY `author_id` (`author_id`)
) ENGINE=MyISAM DEFAULT CHARSET=utf8;

-- --------------------------------------------------------

--
-- è¡¨çš„ç»“æ„ `rbac_cate`
--

CREATE TABLE IF NOT EXISTS `rbac_cate` (
  `id` int(10) unsigned NOT NULL AUTO_INCREMENT,
  `name` char(20) NOT NULL DEFAULT '',
  `pid` int(10) unsigned NOT NULL DEFAULT '0',
  `sort` smallint(6) NOT NULL DEFAULT '100',
  PRIMARY KEY (`id`),
  KEY `pid` (`pid`)
) ENGINE=InnoDB  DEFAULT CHARSET=utf8 ROW_FORMAT=COMPACT AUTO_INCREMENT=31 ;

--
-- è½¬å­˜è¡¨ä¸­çš„æ•°æ® `rbac_cate`
--

INSERT INTO `rbac_cate` (`id`, `name`, `pid`, `sort`) VALUES
(27, 'å…³äºæˆ‘ä»¬', 0, 200),
(28, 'æ–°é—»é€šçŸ¥', 0, 400),
(29, 'è”ç³»æˆ‘ä»¬', 0, 500),
(30, 'ä¼šè®®ä¸»é¢˜', 0, 300);

-- --------------------------------------------------------

--
-- è¡¨çš„ç»“æ„ `rbac_category`
--

CREATE TABLE IF NOT EXISTS `rbac_category` (
  `id` int(10) unsigned NOT NULL AUTO_INCREMENT COMMENT 'åˆ†ç±»ID',
  `name` varchar(30) NOT NULL COMMENT 'æ ‡å¿—',
  `title` varchar(50) NOT NULL COMMENT 'æ ‡é¢˜',
  `pid` int(10) unsigned NOT NULL DEFAULT '0' COMMENT 'ä¸Šçº§åˆ†ç±»ID',
  `sort` int(10) unsigned NOT NULL DEFAULT '0' COMMENT 'æ’åºï¼ˆåŒçº§æœ‰æ•ˆï¼‰',
  `list_row` tinyint(3) unsigned NOT NULL DEFAULT '10' COMMENT 'åˆ—è¡¨æ¯é¡µè¡Œæ•°',
  `meta_title` varchar(50) NOT NULL DEFAULT '' COMMENT 'SEOçš„ç½‘é¡µæ ‡é¢˜',
  `keywords` varchar(255) NOT NULL DEFAULT '' COMMENT 'å…³é”®å­—',
  `description` varchar(255) NOT NULL DEFAULT '' COMMENT 'æè¿°',
  `template_index` varchar(100) NOT NULL COMMENT 'é¢‘é“é¡µæ¨¡æ¿',
  `template_lists` varchar(100) NOT NULL COMMENT 'åˆ—è¡¨é¡µæ¨¡æ¿',
  `template_detail` varchar(100) NOT NULL COMMENT 'è¯¦æƒ…é¡µæ¨¡æ¿',
  `template_edit` varchar(100) NOT NULL COMMENT 'ç¼–è¾‘é¡µæ¨¡æ¿',
  `model` varchar(100) NOT NULL DEFAULT '' COMMENT 'å…³è”æ¨¡å‹',
  `type` varchar(100) NOT NULL DEFAULT '' COMMENT 'å…è®¸å‘å¸ƒçš„å†…å®¹ç±»å‹',
  `link_id` int(10) unsigned NOT NULL DEFAULT '0' COMMENT 'å¤–é“¾',
  `allow_publish` tinyint(3) unsigned NOT NULL DEFAULT '0' COMMENT 'æ˜¯å¦å…è®¸å‘å¸ƒå†…å®¹',
  `display` tinyint(3) unsigned NOT NULL DEFAULT '0' COMMENT 'å¯è§æ€§',
  `reply` tinyint(3) unsigned NOT NULL DEFAULT '0' COMMENT 'æ˜¯å¦å…è®¸å›å¤',
  `check` tinyint(3) unsigned NOT NULL DEFAULT '0' COMMENT 'å‘å¸ƒçš„æ–‡ç« æ˜¯å¦éœ€è¦å®¡æ ¸',
  `reply_model` varchar(100) NOT NULL DEFAULT '',
  `extend` text NOT NULL COMMENT 'æ‰©å±•è®¾ç½®',
  `create_time` int(10) unsigned NOT NULL DEFAULT '0' COMMENT 'åˆ›å»ºæ—¶é—´',
  `update_time` int(10) unsigned NOT NULL DEFAULT '0' COMMENT 'æ›´æ–°æ—¶é—´',
  `status` tinyint(4) NOT NULL DEFAULT '0' COMMENT 'æ•°æ®çŠ¶æ€',
  `icon` int(10) unsigned NOT NULL DEFAULT '0' COMMENT 'åˆ†ç±»å›¾æ ‡',
  PRIMARY KEY (`id`),
  UNIQUE KEY `uk_name` (`name`),
  KEY `pid` (`pid`)
) ENGINE=MyISAM  DEFAULT CHARSET=utf8 COMMENT='åˆ†ç±»è¡¨' AUTO_INCREMENT=39 ;

--
-- è½¬å­˜è¡¨ä¸­çš„æ•°æ® `rbac_category`
--

INSERT INTO `rbac_category` (`id`, `name`, `title`, `pid`, `sort`, `list_row`, `meta_title`, `keywords`, `description`, `template_index`, `template_lists`, `template_detail`, `template_edit`, `model`, `type`, `link_id`, `allow_publish`, `display`, `reply`, `check`, `reply_model`, `extend`, `create_time`, `update_time`, `status`, `icon`) VALUES
(1, 'blog', 'åšå®¢', 0, 0, 10, '', '', '', '', '', '', '', '2', '2,1', 0, 0, 1, 0, 0, '1', '', 1379474947, 1382701539, 1, 0),
(2, 'default_blog', 'é»˜è®¤åˆ†ç±»', 1, 1, 10, '', '', '', '', '', '', '', '2', '2,1,3', 0, 1, 1, 0, 1, '1', '', 1379475028, 1386839751, 1, 31);

-- --------------------------------------------------------

--
-- è¡¨çš„ç»“æ„ `rbac_content`
--

CREATE TABLE IF NOT EXISTS `rbac_content` (
  `id` int(10) unsigned NOT NULL AUTO_INCREMENT,
  `title` varchar(30) NOT NULL DEFAULT '',
  `content` text NOT NULL,
  `time` int(10) unsigned NOT NULL DEFAULT '0',
  `click` smallint(6) unsigned NOT NULL DEFAULT '0',
  `cid` int(10) unsigned NOT NULL,
  `del` tinyint(1) unsigned NOT NULL DEFAULT '0',
  `summary` varchar(255) NOT NULL DEFAULT '',
  PRIMARY KEY (`id`),
  KEY `cid` (`cid`)
) ENGINE=InnoDB  DEFAULT CHARSET=utf8 ROW_FORMAT=COMPACT AUTO_INCREMENT=11 ;

--
-- è½¬å­˜è¡¨ä¸­çš„æ•°æ® `rbac_content`
--

INSERT INTO `rbac_content` (`id`, `title`, `content`, `time`, `click`, `cid`, `del`, `summary`) VALUES
(4, 'å¼€å§‹å¾æ–‡', '<p>1231231231</p>', 1524738490, 0, 27, 0, '12313'),
(5, 'å¼€å§‹å¾æ–‡', '<p>1231231231</p>', 1524738490, 0, 28, 0, '12313'),
(6, 'å¼€å§‹å¾æ–‡', '<p>1231231231</p>', 1524738490, 0, 29, 0, '12313'),
(7, 'å¼€å§‹å¾æ–‡', '<p>1231231231</p>', 1524738490, 0, 29, 0, '12313'),
(8, 'å¼€å§‹å¾æ–‡', '<p>1231231231</p>', 1524738490, 0, 28, 1, '12313'),
(9, 'å¼€å§‹å¾æ–‡', '<p>1231231231</p>', 1524738490, 0, 27, 1, '12313'),
(10, 'add', '<p>é˜¿è¨å¾·æ’’æ’’çš„<img src="/blog/Uploads/image/20180508/1525722813121418.jpg" title="1525722813121418.jpg" alt="Hydrangeas.jpg"/></p>', 1525722816, 0, 28, 0, '                            	\r\n       é˜¿è¨å¾·                     ');

-- --------------------------------------------------------

--
-- è¡¨çš„ç»“æ„ `rbac_content_attr`
--

CREATE TABLE IF NOT EXISTS `rbac_content_attr` (
  `bid` int(10) unsigned NOT NULL,
  `aid` int(10) unsigned NOT NULL,
  KEY `aid` (`aid`),
  KEY `bid` (`bid`)
) ENGINE=InnoDB DEFAULT CHARSET=utf8 ROW_FORMAT=COMPACT;

--
-- è½¬å­˜è¡¨ä¸­çš„æ•°æ® `rbac_content_attr`
--

INSERT INTO `rbac_content_attr` (`bid`, `aid`) VALUES
(3, 4),
(3, 5),
(3, 6);

-- --------------------------------------------------------

--
-- è¡¨çš„ç»“æ„ `rbac_expert`
--

CREATE TABLE IF NOT EXISTS `rbac_expert` (
  `id` int(11) NOT NULL AUTO_INCREMENT,
  `name` varchar(255) NOT NULL DEFAULT '',
  `organization` varchar(255) NOT NULL DEFAULT '',
  `phone` int(11) NOT NULL DEFAULT '0',
  `websit` varchar(255) DEFAULT '',
  `topic_id` varchar(255) DEFAULT NULL,
  `message` varchar(255) NOT NULL DEFAULT '',
  `registercode` varchar(255) NOT NULL DEFAULT '',
  `user_id` int(11) NOT NULL DEFAULT '0',
  PRIMARY KEY (`id`)
) ENGINE=MyISAM  DEFAULT CHARSET=utf8 AUTO_INCREMENT=8 ;

--
-- è½¬å­˜è¡¨ä¸­çš„æ•°æ® `rbac_expert`
--

INSERT INTO `rbac_expert` (`id`, `name`, `organization`, `phone`, `websit`, `topic_id`, `message`, `registercode`, `user_id`) VALUES
(1, 'ä¸“å®¶1', '213131', 2132131, '31231232', '4', '3213213213', '1231231', 5),
(7, 'ä¸“å®¶2', '23123', 3123123, '', '2', '2131231231', '', 28);

-- --------------------------------------------------------

--
-- è¡¨çš„ç»“æ„ `rbac_expert_paper`
--

CREATE TABLE IF NOT EXISTS `rbac_expert_paper` (
  `expert_id` int(11) NOT NULL DEFAULT '0' COMMENT 'è§’è‰²ä¸ºä¸“å®¶çš„ç”¨æˆ·id',
  `paper_id` int(11) unsigned NOT NULL DEFAULT '0' COMMENT 'è®ºæ–‡id',
  `finsh` int(11) NOT NULL DEFAULT '1'
) ENGINE=MyISAM DEFAULT CHARSET=utf8;

--
-- è½¬å­˜è¡¨ä¸­çš„æ•°æ® `rbac_expert_paper`
--

INSERT INTO `rbac_expert_paper` (`expert_id`, `paper_id`, `finsh`) VALUES
(1, 26, 2),
(7, 26, 1),
(7, 24, 2),
(7, 23, 1),
(7, 21, 1),
(7, 20, 1),
(1, 18, 1);

-- --------------------------------------------------------

--
-- è¡¨çš„ç»“æ„ `rbac_expert_project`
--

CREATE TABLE IF NOT EXISTS `rbac_expert_project` (
  `id` int(11) NOT NULL AUTO_INCREMENT,
  `project_id` int(11) NOT NULL DEFAULT '0',
  `value` varchar(255) NOT NULL DEFAULT '',
  `time` int(11) NOT NULL DEFAULT '0',
  `expert_id` int(11) NOT NULL DEFAULT '0',
  `paper_id` varchar(11) NOT NULL DEFAULT '',
  PRIMARY KEY (`id`)
) ENGINE=MyISAM  DEFAULT CHARSET=utf8 AUTO_INCREMENT=53 ;

--
-- è½¬å­˜è¡¨ä¸­çš„æ•°æ® `rbac_expert_project`
--

INSERT INTO `rbac_expert_project` (`id`, `project_id`, `value`, `time`, `expert_id`, `paper_id`) VALUES
(1, 2, 'ä¼˜ç§€', 1525243737, 1, '21'),
(2, 3, 'ä¸€èˆ¬', 1525194179, 1, '21'),
(3, 4, 'ä¸€èˆ¬', 1525243737, 1, '21'),
(4, 5, 'ä¸€èˆ¬', 1525243737, 1, '21'),
(5, 6, 'ä¸€èˆ¬', 1525243737, 1, '21'),
(6, 7, 'ä¸€èˆ¬', 1525243737, 1, '21'),
(7, 8, 'è‰¯å¥½', 1525243737, 1, '21'),
(14, 18, 'ä¸€èˆ¬', 1525581785, 1, '24'),
(9, 10, '100', 1525243737, 1, '21'),
(11, 13, '123', 1525243737, 1, '21'),
(13, 18, 'ä¼˜ç§€', 1525243737, 1, '21'),
(15, 2, 'è‰¯å¥½', 1525581785, 1, '24'),
(16, 3, 'è‰¯å¥½', 1525581785, 1, '24'),
(17, 4, 'è‰¯å¥½', 1525581785, 1, '24'),
(18, 5, 'è‰¯å¥½', 1525581785, 1, '24'),
(19, 6, 'è‰¯å¥½', 1525581785, 1, '24'),
(20, 7, 'è‰¯å¥½', 1525581785, 1, '24'),
(21, 8, 'è‰¯å¥½', 1525581785, 1, '24'),
(22, 10, '55', 1525581785, 1, '24'),
(23, 13, 'çš„èšé›†åœ°å“¦å•Šæ˜¯é™ä½OSå›§æ¶æ¶å±±ä¸œisæ¡ˆä»¶äº¬ä¸œæŒ‰å®é™…doéª„å‚²ä½ è§‰å¾—ç¨ç­‰æ’’çš„æ’’çš„æ’’çš„adå•Š', 1525581785, 1, '24'),
(24, 18, 'ä¼˜ç§€', 1525599787, 7, '21'),
(25, 2, 'ä¼˜ç§€', 1525599787, 7, '21'),
(26, 4, 'ä¸€èˆ¬', 1525599787, 7, '21'),
(27, 5, 'ä¸€èˆ¬', 1525599787, 7, '21'),
(28, 6, 'ä¸€èˆ¬', 1525599787, 7, '21'),
(29, 7, 'ä¸€èˆ¬', 1525599787, 7, '21'),
(30, 8, 'è‰¯å¥½', 1525599787, 7, '21'),
(31, 10, '', 1525599787, 7, '21'),
(32, 13, '123', 1525599787, 7, '21'),
(33, 18, 'ä¼˜ç§€', 1525604964, 7, '24'),
(34, 2, 'ä¼˜ç§€', 1525604964, 7, '24'),
(35, 3, 'ä¼˜ç§€', 1525604964, 7, '24'),
(36, 4, 'ä¼˜ç§€', 1525604964, 7, '24'),
(37, 5, 'ä¼˜ç§€', 1525604964, 7, '24'),
(38, 6, 'ä¼˜ç§€', 1525604964, 7, '24'),
(39, 7, 'ä¼˜ç§€', 1525604964, 7, '24'),
(40, 8, 'ä¼˜ç§€', 1525604964, 7, '24'),
(41, 10, '111', 1525604964, 7, '24'),
(42, 13, '100', 1525604964, 7, '24'),
(43, 18, 'ä¸€èˆ¬', 1525767301, 1, '26'),
(44, 2, 'ä¼˜ç§€', 1525767301, 1, '26'),
(45, 3, 'ä¼˜ç§€', 1525767301, 1, '26'),
(46, 4, 'è‰¯å¥½', 1525767301, 1, '26'),
(47, 5, 'ä¼˜ç§€', 1525767301, 1, '26'),
(48, 6, 'ä¼˜ç§€', 1525767301, 1, '26'),
(49, 7, 'ä¼˜ç§€', 1525767301, 1, '26'),
(50, 8, 'ä¼˜ç§€', 1525767301, 1, '26'),
(51, 10, '11', 1525767301, 1, '26'),
(52, 13, '11', 1525767301, 1, '26');

-- --------------------------------------------------------

--
-- è¡¨çš„ç»“æ„ `rbac_file`
--

CREATE TABLE IF NOT EXISTS `rbac_file` (
  `id` int(10) unsigned NOT NULL AUTO_INCREMENT COMMENT 'æ–‡ä»¶ID',
  `name` char(30) NOT NULL DEFAULT '' COMMENT 'åŸå§‹æ–‡ä»¶å',
  `savename` char(20) NOT NULL DEFAULT '' COMMENT 'ä¿å­˜åç§°',
  `savepath` char(30) NOT NULL DEFAULT '' COMMENT 'æ–‡ä»¶ä¿å­˜è·¯å¾„',
  `ext` char(5) NOT NULL DEFAULT '' COMMENT 'æ–‡ä»¶åç¼€',
  `mime` char(40) NOT NULL DEFAULT '' COMMENT 'æ–‡ä»¶mimeç±»å‹',
  `size` int(10) unsigned NOT NULL DEFAULT '0' COMMENT 'æ–‡ä»¶å¤§å°',
  `md5` char(32) NOT NULL DEFAULT '' COMMENT 'æ–‡ä»¶md5',
  `sha1` char(40) NOT NULL DEFAULT '' COMMENT 'æ–‡ä»¶ sha1ç¼–ç ',
  `location` tinyint(3) unsigned NOT NULL DEFAULT '0' COMMENT 'æ–‡ä»¶ä¿å­˜ä½ç½®',
  `create_time` int(10) unsigned NOT NULL COMMENT 'ä¸Šä¼ æ—¶é—´',
  PRIMARY KEY (`id`),
  UNIQUE KEY `uk_md5` (`md5`)
) ENGINE=MyISAM DEFAULT CHARSET=utf8 COMMENT='æ–‡ä»¶è¡¨' AUTO_INCREMENT=1 ;

-- --------------------------------------------------------

--
-- è¡¨çš„ç»“æ„ `rbac_join`
--

CREATE TABLE IF NOT EXISTS `rbac_join` (
  `id` int(11) NOT NULL AUTO_INCREMENT,
  `author_id` varchar(255) DEFAULT NULL,
  `paper_id` varchar(255) DEFAULT NULL,
  `time` int(11) DEFAULT NULL,
  `message` varchar(255) NOT NULL DEFAULT '',
  `user_id` int(11) NOT NULL DEFAULT '0',
  `status` tinyint(3) NOT NULL DEFAULT '1',
  PRIMARY KEY (`id`)
) ENGINE=MyISAM  DEFAULT CHARSET=utf8 AUTO_INCREMENT=10 ;

--
-- è½¬å­˜è¡¨ä¸­çš„æ•°æ® `rbac_join`
--

INSERT INTO `rbac_join` (`id`, `author_id`, `paper_id`, `time`, `message`, `user_id`, `status`) VALUES
(9, '39', '24', 1525601683, 'sadasd asd sadsad sad sad sa', 1, 2);

-- --------------------------------------------------------

--
-- è¡¨çš„ç»“æ„ `rbac_member`
--

CREATE TABLE IF NOT EXISTS `rbac_member` (
  `uid` int(10) unsigned NOT NULL AUTO_INCREMENT COMMENT 'ç”¨æˆ·ID',
  `nickname` char(16) NOT NULL DEFAULT '' COMMENT 'æ˜µç§°',
  `sex` tinyint(3) unsigned NOT NULL DEFAULT '0' COMMENT 'æ€§åˆ«',
  `birthday` date NOT NULL DEFAULT '0000-00-00' COMMENT 'ç”Ÿæ—¥',
  `qq` char(10) NOT NULL DEFAULT '' COMMENT 'qqå·',
  `score` mediumint(8) NOT NULL DEFAULT '0' COMMENT 'ç”¨æˆ·ç§¯åˆ†',
  `login` int(10) unsigned NOT NULL DEFAULT '0' COMMENT 'ç™»å½•æ¬¡æ•°',
  `reg_ip` bigint(20) NOT NULL DEFAULT '0' COMMENT 'æ³¨å†ŒIP',
  `reg_time` int(10) unsigned NOT NULL DEFAULT '0' COMMENT 'æ³¨å†Œæ—¶é—´',
  `last_login_ip` bigint(20) NOT NULL DEFAULT '0' COMMENT 'æœ€åç™»å½•IP',
  `last_login_time` int(10) unsigned NOT NULL DEFAULT '0' COMMENT 'æœ€åç™»å½•æ—¶é—´',
  `status` tinyint(4) NOT NULL DEFAULT '0' COMMENT 'ä¼šå‘˜çŠ¶æ€',
  PRIMARY KEY (`uid`),
  KEY `status` (`status`)
) ENGINE=MyISAM  DEFAULT CHARSET=utf8 COMMENT='ä¼šå‘˜è¡¨' AUTO_INCREMENT=2 ;

--
-- è½¬å­˜è¡¨ä¸­çš„æ•°æ® `rbac_member`
--

INSERT INTO `rbac_member` (`uid`, `nickname`, `sex`, `birthday`, `qq`, `score`, `login`, `reg_ip`, `reg_time`, `last_login_ip`, `last_login_time`, `status`) VALUES
(1, 'Administrator', 0, '0000-00-00', '', 10, 2, 0, 1524989177, 2130706433, 1524989212, 1);

-- --------------------------------------------------------

--
-- è¡¨çš„ç»“æ„ `rbac_menu`
--

CREATE TABLE IF NOT EXISTS `rbac_menu` (
  `id` int(10) unsigned NOT NULL AUTO_INCREMENT COMMENT 'æ–‡æ¡£ID',
  `title` varchar(50) NOT NULL DEFAULT '' COMMENT 'æ ‡é¢˜',
  `pid` int(10) unsigned NOT NULL DEFAULT '0' COMMENT 'ä¸Šçº§åˆ†ç±»ID',
  `sort` int(10) unsigned NOT NULL DEFAULT '0' COMMENT 'æ’åºï¼ˆåŒçº§æœ‰æ•ˆï¼‰',
  `url` char(255) NOT NULL DEFAULT '' COMMENT 'é“¾æ¥åœ°å€',
  `hide` tinyint(1) unsigned NOT NULL DEFAULT '0' COMMENT 'æ˜¯å¦éšè—',
  `tip` varchar(255) NOT NULL DEFAULT '' COMMENT 'æç¤º',
  `group` varchar(50) DEFAULT '' COMMENT 'åˆ†ç»„',
  `is_dev` tinyint(1) unsigned NOT NULL DEFAULT '0' COMMENT 'æ˜¯å¦ä»…å¼€å‘è€…æ¨¡å¼å¯è§',
  PRIMARY KEY (`id`),
  KEY `pid` (`pid`)
) ENGINE=MyISAM  DEFAULT CHARSET=utf8 AUTO_INCREMENT=122 ;

--
-- è½¬å­˜è¡¨ä¸­çš„æ•°æ® `rbac_menu`
--

INSERT INTO `rbac_menu` (`id`, `title`, `pid`, `sort`, `url`, `hide`, `tip`, `group`, `is_dev`) VALUES
(1, 'é¦–é¡µ', 0, 1, 'Index/index', 0, '', '', 0),
(2, 'å†…å®¹', 0, 2, 'Article/mydocument', 0, '', '', 0),
(3, 'æ–‡æ¡£åˆ—è¡¨', 2, 0, 'article/index', 1, '', 'å†…å®¹', 0),
(4, 'æ–°å¢', 3, 0, 'article/add', 0, '', '', 0),
(5, 'ç¼–è¾‘', 3, 0, 'article/edit', 0, '', '', 0),
(6, 'æ”¹å˜çŠ¶æ€', 3, 0, 'article/setStatus', 0, '', '', 0),
(7, 'ä¿å­˜', 3, 0, 'article/update', 0, '', '', 0),
(8, 'ä¿å­˜è‰ç¨¿', 3, 0, 'article/autoSave', 0, '', '', 0),
(9, 'ç§»åŠ¨', 3, 0, 'article/move', 0, '', '', 0),
(10, 'å¤åˆ¶', 3, 0, 'article/copy', 0, '', '', 0),
(11, 'ç²˜è´´', 3, 0, 'article/paste', 0, '', '', 0),
(12, 'å¯¼å…¥', 3, 0, 'article/batchOperate', 0, '', '', 0),
(13, 'å›æ”¶ç«™', 2, 0, 'article/recycle', 1, '', 'å†…å®¹', 0),
(14, 'è¿˜åŸ', 13, 0, 'article/permit', 0, '', '', 0),
(15, 'æ¸…ç©º', 13, 0, 'article/clear', 0, '', '', 0),
(16, 'ç”¨æˆ·', 0, 3, 'User/index', 0, '', '', 0),
(17, 'ç”¨æˆ·ä¿¡æ¯', 16, 0, 'User/index', 0, '', 'ç”¨æˆ·ç®¡ç†', 0),
(18, 'æ–°å¢ç”¨æˆ·', 17, 0, 'User/add', 0, 'æ·»åŠ æ–°ç”¨æˆ·', '', 0),
(19, 'ç”¨æˆ·è¡Œä¸º', 16, 0, 'User/action', 0, '', 'è¡Œä¸ºç®¡ç†', 0),
(20, 'æ–°å¢ç”¨æˆ·è¡Œä¸º', 19, 0, 'User/addaction', 0, '', '', 0),
(21, 'ç¼–è¾‘ç”¨æˆ·è¡Œä¸º', 19, 0, 'User/editaction', 0, '', '', 0),
(22, 'ä¿å­˜ç”¨æˆ·è¡Œä¸º', 19, 0, 'User/saveAction', 0, '"ç”¨æˆ·->ç”¨æˆ·è¡Œä¸º"ä¿å­˜ç¼–è¾‘å’Œæ–°å¢çš„ç”¨æˆ·è¡Œä¸º', '', 0),
(23, 'å˜æ›´è¡Œä¸ºçŠ¶æ€', 19, 0, 'User/setStatus', 0, '"ç”¨æˆ·->ç”¨æˆ·è¡Œä¸º"ä¸­çš„å¯ç”¨,ç¦ç”¨å’Œåˆ é™¤æƒé™', '', 0),
(24, 'ç¦ç”¨ä¼šå‘˜', 19, 0, 'User/changeStatus?method=forbidUser', 0, '"ç”¨æˆ·->ç”¨æˆ·ä¿¡æ¯"ä¸­çš„ç¦ç”¨', '', 0),
(25, 'å¯ç”¨ä¼šå‘˜', 19, 0, 'User/changeStatus?method=resumeUser', 0, '"ç”¨æˆ·->ç”¨æˆ·ä¿¡æ¯"ä¸­çš„å¯ç”¨', '', 0),
(26, 'åˆ é™¤ä¼šå‘˜', 19, 0, 'User/changeStatus?method=deleteUser', 0, '"ç”¨æˆ·->ç”¨æˆ·ä¿¡æ¯"ä¸­çš„åˆ é™¤', '', 0),
(27, 'æƒé™ç®¡ç†', 16, 0, 'AuthManager/index', 0, '', 'ç”¨æˆ·ç®¡ç†', 0),
(28, 'åˆ é™¤', 27, 0, 'AuthManager/changeStatus?method=deleteGroup', 0, 'åˆ é™¤ç”¨æˆ·ç»„', '', 0),
(29, 'ç¦ç”¨', 27, 0, 'AuthManager/changeStatus?method=forbidGroup', 0, 'ç¦ç”¨ç”¨æˆ·ç»„', '', 0),
(30, 'æ¢å¤', 27, 0, 'AuthManager/changeStatus?method=resumeGroup', 0, 'æ¢å¤å·²ç¦ç”¨çš„ç”¨æˆ·ç»„', '', 0),
(31, 'æ–°å¢', 27, 0, 'AuthManager/createGroup', 0, 'åˆ›å»ºæ–°çš„ç”¨æˆ·ç»„', '', 0),
(32, 'ç¼–è¾‘', 27, 0, 'AuthManager/editGroup', 0, 'ç¼–è¾‘ç”¨æˆ·ç»„åç§°å’Œæè¿°', '', 0),
(33, 'ä¿å­˜ç”¨æˆ·ç»„', 27, 0, 'AuthManager/writeGroup', 0, 'æ–°å¢å’Œç¼–è¾‘ç”¨æˆ·ç»„çš„"ä¿å­˜"æŒ‰é’®', '', 0),
(34, 'æˆæƒ', 27, 0, 'AuthManager/group', 0, '"åå° \\ ç”¨æˆ· \\ ç”¨æˆ·ä¿¡æ¯"åˆ—è¡¨é¡µçš„"æˆæƒ"æ“ä½œæŒ‰é’®,ç”¨äºè®¾ç½®ç”¨æˆ·æ‰€å±ç”¨æˆ·ç»„', '', 0),
(35, 'è®¿é—®æˆæƒ', 27, 0, 'AuthManager/access', 0, '"åå° \\ ç”¨æˆ· \\ æƒé™ç®¡ç†"åˆ—è¡¨é¡µçš„"è®¿é—®æˆæƒ"æ“ä½œæŒ‰é’®', '', 0),
(36, 'æˆå‘˜æˆæƒ', 27, 0, 'AuthManager/user', 0, '"åå° \\ ç”¨æˆ· \\ æƒé™ç®¡ç†"åˆ—è¡¨é¡µçš„"æˆå‘˜æˆæƒ"æ“ä½œæŒ‰é’®', '', 0),
(37, 'è§£é™¤æˆæƒ', 27, 0, 'AuthManager/removeFromGroup', 0, '"æˆå‘˜æˆæƒ"åˆ—è¡¨é¡µå†…çš„è§£é™¤æˆæƒæ“ä½œæŒ‰é’®', '', 0),
(38, 'ä¿å­˜æˆå‘˜æˆæƒ', 27, 0, 'AuthManager/addToGroup', 0, '"ç”¨æˆ·ä¿¡æ¯"åˆ—è¡¨é¡µ"æˆæƒ"æ—¶çš„"ä¿å­˜"æŒ‰é’®å’Œ"æˆå‘˜æˆæƒ"é‡Œå³ä¸Šè§’çš„"æ·»åŠ "æŒ‰é’®)', '', 0),
(39, 'åˆ†ç±»æˆæƒ', 27, 0, 'AuthManager/category', 0, '"åå° \\ ç”¨æˆ· \\ æƒé™ç®¡ç†"åˆ—è¡¨é¡µçš„"åˆ†ç±»æˆæƒ"æ“ä½œæŒ‰é’®', '', 0),
(40, 'ä¿å­˜åˆ†ç±»æˆæƒ', 27, 0, 'AuthManager/addToCategory', 0, '"åˆ†ç±»æˆæƒ"é¡µé¢çš„"ä¿å­˜"æŒ‰é’®', '', 0),
(41, 'æ¨¡å‹æˆæƒ', 27, 0, 'AuthManager/modelauth', 0, '"åå° \\ ç”¨æˆ· \\ æƒé™ç®¡ç†"åˆ—è¡¨é¡µçš„"æ¨¡å‹æˆæƒ"æ“ä½œæŒ‰é’®', '', 0),
(42, 'ä¿å­˜æ¨¡å‹æˆæƒ', 27, 0, 'AuthManager/addToModel', 0, '"åˆ†ç±»æˆæƒ"é¡µé¢çš„"ä¿å­˜"æŒ‰é’®', '', 0),
(43, 'æ‰©å±•', 0, 7, 'Addons/index', 0, '', '', 0),
(44, 'æ’ä»¶ç®¡ç†', 43, 1, 'Addons/index', 0, '', 'æ‰©å±•', 0),
(45, 'åˆ›å»º', 44, 0, 'Addons/create', 0, 'æœåŠ¡å™¨ä¸Šåˆ›å»ºæ’ä»¶ç»“æ„å‘å¯¼', '', 0),
(46, 'æ£€æµ‹åˆ›å»º', 44, 0, 'Addons/checkForm', 0, 'æ£€æµ‹æ’ä»¶æ˜¯å¦å¯ä»¥åˆ›å»º', '', 0),
(47, 'é¢„è§ˆ', 44, 0, 'Addons/preview', 0, 'é¢„è§ˆæ’ä»¶å®šä¹‰ç±»æ–‡ä»¶', '', 0),
(48, 'å¿«é€Ÿç”Ÿæˆæ’ä»¶', 44, 0, 'Addons/build', 0, 'å¼€å§‹ç”Ÿæˆæ’ä»¶ç»“æ„', '', 0),
(49, 'è®¾ç½®', 44, 0, 'Addons/config', 0, 'è®¾ç½®æ’ä»¶é…ç½®', '', 0),
(50, 'ç¦ç”¨', 44, 0, 'Addons/disable', 0, 'ç¦ç”¨æ’ä»¶', '', 0),
(51, 'å¯ç”¨', 44, 0, 'Addons/enable', 0, 'å¯ç”¨æ’ä»¶', '', 0),
(52, 'å®‰è£…', 44, 0, 'Addons/install', 0, 'å®‰è£…æ’ä»¶', '', 0),
(53, 'å¸è½½', 44, 0, 'Addons/uninstall', 0, 'å¸è½½æ’ä»¶', '', 0),
(54, 'æ›´æ–°é…ç½®', 44, 0, 'Addons/saveconfig', 0, 'æ›´æ–°æ’ä»¶é…ç½®å¤„ç†', '', 0),
(55, 'æ’ä»¶åå°åˆ—è¡¨', 44, 0, 'Addons/adminList', 0, '', '', 0),
(56, 'URLæ–¹å¼è®¿é—®æ’ä»¶', 44, 0, 'Addons/execute', 0, 'æ§åˆ¶æ˜¯å¦æœ‰æƒé™é€šè¿‡urlè®¿é—®æ’ä»¶æ§åˆ¶å™¨æ–¹æ³•', '', 0),
(57, 'é’©å­ç®¡ç†', 43, 2, 'Addons/hooks', 0, '', 'æ‰©å±•', 0),
(58, 'æ¨¡å‹ç®¡ç†', 68, 3, 'Model/index', 0, '', 'ç³»ç»Ÿè®¾ç½®', 0),
(59, 'æ–°å¢', 58, 0, 'model/add', 0, '', '', 0),
(60, 'ç¼–è¾‘', 58, 0, 'model/edit', 0, '', '', 0),
(61, 'æ”¹å˜çŠ¶æ€', 58, 0, 'model/setStatus', 0, '', '', 0),
(62, 'ä¿å­˜æ•°æ®', 58, 0, 'model/update', 0, '', '', 0),
(63, 'å±æ€§ç®¡ç†', 68, 0, 'Attribute/index', 1, 'ç½‘ç«™å±æ€§é…ç½®ã€‚', '', 0),
(64, 'æ–°å¢', 63, 0, 'Attribute/add', 0, '', '', 0),
(65, 'ç¼–è¾‘', 63, 0, 'Attribute/edit', 0, '', '', 0),
(66, 'æ”¹å˜çŠ¶æ€', 63, 0, 'Attribute/setStatus', 0, '', '', 0),
(67, 'ä¿å­˜æ•°æ®', 63, 0, 'Attribute/update', 0, '', '', 0),
(68, 'ç³»ç»Ÿ', 0, 4, 'Config/group', 0, '', '', 0),
(69, 'ç½‘ç«™è®¾ç½®', 68, 1, 'Config/group', 0, '', 'ç³»ç»Ÿè®¾ç½®', 0),
(70, 'é…ç½®ç®¡ç†', 68, 4, 'Config/index', 0, '', 'ç³»ç»Ÿè®¾ç½®', 0),
(71, 'ç¼–è¾‘', 70, 0, 'Config/edit', 0, 'æ–°å¢ç¼–è¾‘å’Œä¿å­˜é…ç½®', '', 0),
(72, 'åˆ é™¤', 70, 0, 'Config/del', 0, 'åˆ é™¤é…ç½®', '', 0),
(73, 'æ–°å¢', 70, 0, 'Config/add', 0, 'æ–°å¢é…ç½®', '', 0),
(74, 'ä¿å­˜', 70, 0, 'Config/save', 0, 'ä¿å­˜é…ç½®', '', 0),
(75, 'èœå•ç®¡ç†', 68, 5, 'Menu/index', 0, '', 'ç³»ç»Ÿè®¾ç½®', 0),
(76, 'å¯¼èˆªç®¡ç†', 68, 6, 'Channel/index', 0, '', 'ç³»ç»Ÿè®¾ç½®', 0),
(77, 'æ–°å¢', 76, 0, 'Channel/add', 0, '', '', 0),
(78, 'ç¼–è¾‘', 76, 0, 'Channel/edit', 0, '', '', 0),
(79, 'åˆ é™¤', 76, 0, 'Channel/del', 0, '', '', 0),
(80, 'åˆ†ç±»ç®¡ç†', 68, 2, 'Category/index', 0, '', 'ç³»ç»Ÿè®¾ç½®', 0),
(81, 'ç¼–è¾‘', 80, 0, 'Category/edit', 0, 'ç¼–è¾‘å’Œä¿å­˜æ ç›®åˆ†ç±»', '', 0),
(82, 'æ–°å¢', 80, 0, 'Category/add', 0, 'æ–°å¢æ ç›®åˆ†ç±»', '', 0),
(83, 'åˆ é™¤', 80, 0, 'Category/remove', 0, 'åˆ é™¤æ ç›®åˆ†ç±»', '', 0),
(84, 'ç§»åŠ¨', 80, 0, 'Category/operate/type/move', 0, 'ç§»åŠ¨æ ç›®åˆ†ç±»', '', 0),
(85, 'åˆå¹¶', 80, 0, 'Category/operate/type/merge', 0, 'åˆå¹¶æ ç›®åˆ†ç±»', '', 0),
(86, 'å¤‡ä»½æ•°æ®åº“', 68, 0, 'Database/index?type=export', 0, '', 'æ•°æ®å¤‡ä»½', 0),
(87, 'å¤‡ä»½', 86, 0, 'Database/export', 0, 'å¤‡ä»½æ•°æ®åº“', '', 0),
(88, 'ä¼˜åŒ–è¡¨', 86, 0, 'Database/optimize', 0, 'ä¼˜åŒ–æ•°æ®è¡¨', '', 0),
(89, 'ä¿®å¤è¡¨', 86, 0, 'Database/repair', 0, 'ä¿®å¤æ•°æ®è¡¨', '', 0),
(90, 'è¿˜åŸæ•°æ®åº“', 68, 0, 'Database/index?type=import', 0, '', 'æ•°æ®å¤‡ä»½', 0),
(91, 'æ¢å¤', 90, 0, 'Database/import', 0, 'æ•°æ®åº“æ¢å¤', '', 0),
(92, 'åˆ é™¤', 90, 0, 'Database/del', 0, 'åˆ é™¤å¤‡ä»½æ–‡ä»¶', '', 0),
(93, 'å…¶ä»–', 0, 5, 'other', 1, '', '', 0),
(96, 'æ–°å¢', 75, 0, 'Menu/add', 0, '', 'ç³»ç»Ÿè®¾ç½®', 0),
(98, 'ç¼–è¾‘', 75, 0, 'Menu/edit', 0, '', '', 0),
(104, 'ä¸‹è½½ç®¡ç†', 102, 0, 'Think/lists?model=download', 0, '', '', 0),
(105, 'é…ç½®ç®¡ç†', 102, 0, 'Think/lists?model=config', 0, '', '', 0),
(106, 'è¡Œä¸ºæ—¥å¿—', 16, 0, 'Action/actionlog', 0, '', 'è¡Œä¸ºç®¡ç†', 0),
(108, 'ä¿®æ”¹å¯†ç ', 16, 0, 'User/updatePassword', 1, '', '', 0),
(109, 'ä¿®æ”¹æ˜µç§°', 16, 0, 'User/updateNickname', 1, '', '', 0),
(110, 'æŸ¥çœ‹è¡Œä¸ºæ—¥å¿—', 106, 0, 'action/edit', 1, '', '', 0),
(112, 'æ–°å¢æ•°æ®', 58, 0, 'think/add', 1, '', '', 0),
(113, 'ç¼–è¾‘æ•°æ®', 58, 0, 'think/edit', 1, '', '', 0),
(114, 'å¯¼å…¥', 75, 0, 'Menu/import', 0, '', '', 0),
(115, 'ç”Ÿæˆ', 58, 0, 'Model/generate', 0, '', '', 0),
(116, 'æ–°å¢é’©å­', 57, 0, 'Addons/addHook', 0, '', '', 0),
(117, 'ç¼–è¾‘é’©å­', 57, 0, 'Addons/edithook', 0, '', '', 0),
(118, 'æ–‡æ¡£æ’åº', 3, 0, 'Article/sort', 1, '', '', 0),
(119, 'æ’åº', 70, 0, 'Config/sort', 1, '', '', 0),
(120, 'æ’åº', 75, 0, 'Menu/sort', 1, '', '', 0),
(121, 'æ’åº', 76, 0, 'Channel/sort', 1, '', '', 0);

-- --------------------------------------------------------

--
-- è¡¨çš„ç»“æ„ `rbac_metting`
--

CREATE TABLE IF NOT EXISTS `rbac_metting` (
  `id` int(11) NOT NULL AUTO_INCREMENT,
  `name` varchar(20) NOT NULL DEFAULT '',
  `firstdate` int(11) NOT NULL DEFAULT '0',
  `enddate` int(11) NOT NULL DEFAULT '0',
  `abstract` varchar(255) NOT NULL DEFAULT '',
  `address` varchar(255) NOT NULL DEFAULT '',
  `status` tinyint(2) NOT NULL DEFAULT '0' COMMENT '1 ä¸ºå¼€æ”¾ï¼Œ2ä¸ºç»“æŸ',
  PRIMARY KEY (`id`)
) ENGINE=MyISAM  DEFAULT CHARSET=utf8 AUTO_INCREMENT=16 ;

--
-- è½¬å­˜è¡¨ä¸­çš„æ•°æ® `rbac_metting`
--

INSERT INTO `rbac_metting` (`id`, `name`, `firstdate`, `enddate`, `abstract`, `address`, `status`) VALUES
(7, 'qwewiqewqo', 1525091463, 1525091463, 'qieiqwe', '123123123', 1),
(5, '1231231', 213123, 312321312, '21313112322', '1232131231', 1),
(12, '233123', 1525091493, 1525091493, '13123', '123123', 1),
(9, '123213123', 1525091482, 1525091482, '3213123', '131231231', 1),
(11, '233123', 1525091493, 1525091493, '13123', '123123', 1),
(13, '233123', 1525091493, 1525091493, '13123', '123123', 1),
(14, '233123', 1525091493, 1525091493, '13123', '123123', 1),
(15, '233123', 1525091493, 1525091493, '13123', '123123', 1);

-- --------------------------------------------------------

--
-- è¡¨çš„ç»“æ„ `rbac_node`
--

CREATE TABLE IF NOT EXISTS `rbac_node` (
  `id` smallint(6) unsigned NOT NULL AUTO_INCREMENT,
  `name` varchar(20) NOT NULL,
  `title` varchar(50) DEFAULT NULL,
  `status` tinyint(1) DEFAULT '0',
  `remark` varchar(255) DEFAULT NULL,
  `sort` smallint(6) unsigned DEFAULT NULL,
  `pid` smallint(6) unsigned NOT NULL,
  `level` tinyint(1) unsigned NOT NULL,
  PRIMARY KEY (`id`),
  KEY `level` (`level`),
  KEY `pid` (`pid`),
  KEY `status` (`status`),
  KEY `name` (`name`)
) ENGINE=MyISAM  DEFAULT CHARSET=utf8 AUTO_INCREMENT=35 ;

--
-- è½¬å­˜è¡¨ä¸­çš„æ•°æ® `rbac_node`
--

INSERT INTO `rbac_node` (`id`, `name`, `title`, `status`, `remark`, `sort`, `pid`, `level`) VALUES
(1, 'Home', 'å‰ç«¯åº”ç”¨', 1, NULL, 1, 0, 1),
(2, 'Admin', 'åå°åº”ç”¨', 1, NULL, 1, 0, 1),
(3, 'Rbac', 'ç”¨æˆ·ç®¡ç†', 1, NULL, 1, 2, 2),
(4, 'Setting', 'ç³»ç»Ÿè®¾ç½®', 1, NULL, 1, 2, 2),
(5, 'addNode', 'æ·»åŠ èŠ‚ç‚¹', 1, NULL, 1, 3, 3),
(6, 'Index', 'åå°é¦–é¡µ', 1, NULL, 1, 2, 2),
(8, 'addRole', 'æ·»åŠ è§’è‰²', 1, NULL, 1, 3, 3),
(9, 'addUser', 'æ·»åŠ ç”¨æˆ·', 1, NULL, 1, 3, 3),
(10, 'node', 'èŠ‚ç‚¹åˆ—è¡¨', 1, NULL, 1, 3, 3),
(11, 'role', 'è§’è‰²åˆ—è¡¨', 1, NULL, 1, 3, 3),
(12, 'user', 'ç”¨æˆ·åˆ—è¡¨', 1, NULL, 1, 3, 3),
(13, 'topic', 'ä¼šè®®ä¸»é¢˜', 1, NULL, 1, 4, 3),
(14, 'Expert', 'è¯„å®¡ä¸“å®¶æ¨¡å—', 1, NULL, 1, 2, 2),
(15, 'Paper', 'æ™®é€šç”¨æˆ·æ¨¡å—', 1, NULL, 1, 2, 2),
(16, 'addPaper', 'æäº¤è®ºæ–‡', 1, NULL, 1, 15, 3),
(17, 'paper', 'ç®¡ç†è®ºæ–‡', 1, NULL, 1, 15, 3),
(18, 'uploadPaper', 'ä¸Šä¼ è®ºæ–‡', 1, NULL, 1, 15, 3),
(19, 'checkPaper', 'å®¡ç¨¿è®ºæ–‡', 1, NULL, 1, 14, 3),
(20, 'expertInfo', 'è¯„å®¡ä¸“å®¶ä¿¡æ¯', 1, NULL, 1, 14, 3),
(21, 'reviewPaper', 'è¯„å®¡é¡¹ç›®', 1, NULL, 1, 14, 3),
(27, 'join', 'å‚ä¼šæ³¨å†Œ', 1, NULL, 1, 15, 3),
(28, 'joinList', 'å‚ä¼šç®¡ç†', 1, NULL, 1, 15, 3),
(29, 'addTopic', 'æ·»åŠ ä¼šè®®æ–¹å‘', 1, NULL, 1, 4, 3),
(30, 'editTopic', 'ç¼–è¾‘ä¼šè®®æ–¹å‘', 1, NULL, 1, 4, 3),
(32, 'joinAjax', 'ä¼šè®®æ³¨å†Œäº¤äº’', 1, NULL, NULL, 15, 3),
(33, 'joinDelete', 'å‚ä¼šæ³¨å†Œåˆ é™¤', 1, NULL, NULL, 15, 3),
(34, 'withdraw', 'è®ºæ–‡æ’¤ç¨¿', 1, NULL, NULL, 15, 3);

-- --------------------------------------------------------

--
-- è¡¨çš„ç»“æ„ `rbac_paper`
--

CREATE TABLE IF NOT EXISTS `rbac_paper` (
  `id` int(11) NOT NULL AUTO_INCREMENT COMMENT 'è®ºæ–‡ç¼–å·',
  `status` varchar(100) NOT NULL DEFAULT '0' COMMENT 'è®ºæ–‡çŠ¶æ€',
  `title` varchar(255) NOT NULL DEFAULT '' COMMENT 'è®ºæ–‡é¢˜ç›®',
  `firstdate` int(11) unsigned NOT NULL DEFAULT '0' COMMENT 'é¦–æ¬¡æäº¤æ—¥æœŸ',
  `lastdate` int(11) unsigned NOT NULL DEFAULT '0' COMMENT 'æœ€è¿‘ä¿®æ”¹æ—¥æœŸ',
  `editdate` int(11) unsigned DEFAULT '0' COMMENT 'ç¼–è¾‘è®ºæ–‡æ—¥æœŸ',
  `keywords` varchar(255) NOT NULL DEFAULT '' COMMENT 'å…³é”®è¯',
  `message` varchar(400) NOT NULL DEFAULT '' COMMENT 'ç•™è¨€',
  `abstract` varchar(2000) NOT NULL DEFAULT '' COMMENT 'æ‘˜è¦',
  `firstlink` varchar(255) DEFAULT '' COMMENT 'åˆç¨¿ä¸‹è½½é“¾æ¥',
  `finalpaper` varchar(255) DEFAULT NULL COMMENT 'ç»ˆç¨¿ä¸‹è½½é“¾æ¥',
  `right` varchar(255) DEFAULT NULL COMMENT 'ç‰ˆæƒä¿¡æ¯ä¸‹è½½é“¾æ¥',
  `secret` varchar(255) DEFAULT NULL COMMENT 'ä¿å¯†å®¡æŸ¥è¡¨é“¾æ¥',
  `display` varchar(10) DEFAULT NULL COMMENT 'å±•ç¤ºæ–¹å¼',
  `topic_id` varchar(100) NOT NULL DEFAULT '' COMMENT 'è®ºæ–‡ä¸»é¢˜æ–¹å‘',
  `user_id` int(10) DEFAULT '0' COMMENT 'æäº¤äººç”¨æˆ·id',
  PRIMARY KEY (`id`),
  KEY `user_id` (`user_id`),
  KEY `topic_id` (`topic_id`)
) ENGINE=MyISAM  DEFAULT CHARSET=utf8 AUTO_INCREMENT=27 ;

--
-- è½¬å­˜è¡¨ä¸­çš„æ•°æ® `rbac_paper`
--

INSERT INTO `rbac_paper` (`id`, `status`, `title`, `firstdate`, `lastdate`, `editdate`, `keywords`, `message`, `abstract`, `firstlink`, `finalpaper`, `right`, `secret`, `display`, `topic_id`, `user_id`) VALUES
(18, '4', 'æ’’çš„a', 0, 0, 0, 'é˜¿è¨å¾·', 'çš„æŒ‰æ—¶', 'é˜¿è¨å¾·as', '', NULL, NULL, NULL, NULL, '1', 0),
(20, '1', '1321321', 0, 1525757523, 0, '520', '123 21', '12 3123 12das3 ', '1440217154 è®¸æ£®-åŸºäºphpçš„å­¦æœ¯ä¼šè®®ä¸€ç«™å¼æœåŠ¡å¹³å°çš„å®ç°.docx@/Data/Paper/admin_1_20/2018-05-03/5af136538e9e3.docx', 'Koala.jpg@/Data/Paper/admin_1_20/2018-04-29-06/5ae4d8661ffd3.jpg', 'Lighthouse.jpg@/Data/Paper/admin_1_20/2018-04-29-06/5ae4d86620f74.jpg', 'Tulips.jpg@/Data/Paper/admin_1_20/2018-04-29-06/5ae4d86621f14.jpg', NULL, '2', 0),
(21, '4', 'åŸºäºPHPçš„ä¸€ç«™å¼æœåŠ¡å¹³å°', 0, 1525507409, 1525507619, 'PHPï¼Œå­¦æœ¯ä¼šè®®ï¼Œä¼šè®®ç³»ç»Ÿ', 'ä¼ ç»Ÿçš„åŠå…¬æ–¹å¼ã€æ—§çš„ä½œä¸šæ–¹å¼ï¼Œå·²ç»ä¸èƒ½æ»¡è¶³å½“ä»Šä¼ä¸šå¯¹ä¿¡æ¯çš„ç®¡ç†ã€æ‰©å±•çš„éœ€æ±‚ã€‚ä¿¡æ¯æ—¶ä»£çš„å‘å±•åœ¨ä¼ä¸šè¿è¥ä¸Šå˜é©äº†ç®¡ç†æ–¹å¼ã€æé«˜äº†è¿ä½œæ•ˆç‡ï¼Œå¢åŠ äº†ä¼ä¸šä»·å€¼ã€‚ä¿¡æ¯æŠ€æœ¯çš„åº”ç”¨å¼€æ‹“äº†å¸‚åœºï¼Œå¸¦æ¥äº†æ–°çš„éœ€æ±‚å’ŒåŠ¨æ€ï¼Œä¿ƒè¿›ç§‘æŠ€æˆæœçš„ç°å®ç”Ÿäº§åŠ›è½¬åŒ–ã€‚ä¸ºæ­¤ï¼Œä¿¡æ¯äº§ä¸šå¸¦æ¥çš„å·¨å¤§åˆ©ç›Šï¼Œæˆä¸ºäº†ä¼ä¸šé—´çš„æ ¸å¿ƒç«äº‰åŠ›ã€‚', 'äº’è”ç½‘çš„æ—¶ä»£ä¸­ï¼Œäººä»¬ç”Ÿæ´»è¶Šæ¥è¶Šç¦»ä¸å¼€ç½‘ç»œï¼Œè®¡ç®—æœºå‘å±•æˆä¸ºäººä»¬å·¥ä½œå¿…ä¸å¯å°‘çš„å·¥å…·ã€‚ä¸ºäº†è®©å­¦æœ¯é¢†åŸŸèƒ½è¿‡æ–¹ä¾¿å¬å¼€ä¼šè®®ï¼Œä½¿ç”¨äº’è”ç½‘æ¥æä¾›ä¸ºæœ‰éœ€è¦çš„äººä»¬å‚ä¸ä¼šè®®ï¼Œéœ€è¦ä¸€ä¸ªç½‘ç«™æ¥å®ç°ç›¸å…³åŠŸèƒ½ã€‚æœ¬ç½‘ç«™æ˜¯ä¸€ä¸ªå­¦æœ¯ä¼šè®®ä¸€ç«™å¼æœåŠ¡å¹³å°ï¼Œä¸»è¦é¢å‘å­¦æœ¯ä¼šè®®çš„æ•´ä¸ªæµç¨‹ï¼Œå°†å¤æ‚çš„ä¿¡æ¯è¿›è¡Œåˆ†ç±»å¹¶é›†ä¸­ç®¡ç†ï¼Œç³»ç»ŸåŒ–ã€æ ‡å‡†çš„ä¼šè®®æµç¨‹å‘å¸ƒå®ç°åœ¨ç½‘ç«™ä¸Šçš„ä¸€ä¸­ç½‘ç«™åº”ç”¨ç¨‹åºã€‚\r\næœ¬ç½‘ç«™é‡‡ç”¨php + mysql + apache é›†æˆç³»ç»Ÿä½œä¸ºå¼€å‘ç¯å¢ƒï¼Œä¸»è¦åŠŸèƒ½åŒ…æ‹¬é€šçŸ¥å¾æ–‡ã€æ³¨å†Œå¼€æ”¾ã€è®ºæ–‡æäº¤ã€å®¡ç¨¿å®‰æ’ã€è¯„å®¡ç»“æœã€ä¼šè®®æ³¨å†Œã€ç°åœ¨æŠ¥é“ã€ä¼šè®®å®Œæˆç­‰ï¼Œå®ç°äº†ä¸€ä¸ªå­¦æœ¯ä¼šè®®åŠ¨æ€æµç¨‹ç³»ç»Ÿçš„æ‰€æœ‰åŠŸèƒ½ã€‚ç³»ç»Ÿç»“åˆäº†å®é™…çš„éœ€æ±‚å¯ä»¥å®ç°è‰¯å¥½çš„å…¼å®¹æ€§ï¼Œå¹¶ä¸”å…·æœ‰è¾ƒå¥½çš„å®¹é”™æ€§ã€‚ \r\n', 'åŸºäºPHPçš„å­¦æœ¯ä¼šè®®ä¸€ç«™å¼æœåŠ¡å¹³å°.doc@/Data/Paper/admin_1_21/2018-05-29/5aed65514a565.doc', NULL, NULL, NULL, NULL, '4', 0),
(23, '4', 'å­¦æœ¯ä¼šè®®å¹³å°', 0, 0, 0, 'php,javascript,html,css', 'Lorem ipsum dolor sit amet, consectetur adipisicing elit. Adipisci consequuntur accusamus quae iste voluptate quis neque officia voluptas quo reprehenderit aliquam mollitia ab aliquid quam dignissimos quos cupiditate provident consectetur.', 'Lorem ipsum dolor sit amet, consectetur adipisicing elit. Adipisci consequuntur accusamus quae iste voluptate quis neque officia voluptas quo reprehenderit aliquam mollitia ab aliquid quam dignissimos quos cupiditate provident consectetur.', '', NULL, NULL, NULL, NULL, '4', 0),
(24, '3', 'å•†åŸç³»ç»Ÿ', 1525374945, 0, 1525375319, 'è´­ç‰©ï¼Œç½‘ä¸Šè´­ç‰©ï¼Œè´­ä¹°ï¼Œé‡‘è', 'Lorem ipsum dolor sit amet, consectetur adipisicing elit. Adipisci consequuntur accusamus quae iste voluptate quis neque officia voluptas quo reprehenderit aliquam mollitia ab aliquid quam dignissimos quos cupiditate provident consectetur.', 'Lorem ipsum dolor sit amet, consectetur adipisicing elit. Adipisci consequuntur accusamus quae iste voluptate quis neque officia voluptas quo reprehenderit aliquam mollitia ab aliquid quam dignissimos quos cupiditate provident consectetur.', '', NULL, NULL, NULL, NULL, '6', 0),
(25, '0', 'ä¸€ç«™å¼æœåŠ¡å¹³å°', 1525653239, 0, 0, 'PHPï¼Œå­¦æœ¯ä¼šè®®ï¼Œä¼šè®®ç³»ç»Ÿ', 'Lorem ipsum dolor sit amet, consectetur adipisicing elit. Debitis rem totam inventore consectetur cumque molestiae distinctio saepe deserunt quidem adipisci sed esse porro neque similique ut aliquam aliquid labore. Porro?', 'Lorem ipsum dolor sit amet, consectetur adipisicing elit. Debitis rem totam inventore consectetur cumque molestiae distinctio saepe deserunt quidem adipisci sed esse porro neque similique ut aliquam aliquid labore. Porro?', '', NULL, NULL, NULL, NULL, '4', 0),
(26, '2', 'test', 1525767138, 1525767158, 0, 'test', 'test', 'test', '1440217154 è®¸æ£®-åŸºäºphpçš„å­¦æœ¯ä¼šè®®ä¸€ç«™å¼æœåŠ¡å¹³å°çš„å®ç°.docx@/Data/Paper/admin_1_26/2018-05-38/5af15bf6901ae.docx', NULL, NULL, NULL, NULL, '3', 0);

-- --------------------------------------------------------

--
-- è¡¨çš„ç»“æ„ `rbac_picture`
--

CREATE TABLE IF NOT EXISTS `rbac_picture` (
  `id` int(10) unsigned NOT NULL AUTO_INCREMENT COMMENT 'ä¸»é”®idè‡ªå¢',
  `path` varchar(255) NOT NULL DEFAULT '' COMMENT 'è·¯å¾„',
  `url` varchar(255) NOT NULL DEFAULT '' COMMENT 'å›¾ç‰‡é“¾æ¥',
  `md5` char(32) NOT NULL DEFAULT '' COMMENT 'æ–‡ä»¶md5',
  `sha1` char(40) NOT NULL DEFAULT '' COMMENT 'æ–‡ä»¶ sha1ç¼–ç ',
  `status` tinyint(2) NOT NULL DEFAULT '0' COMMENT 'çŠ¶æ€',
  `create_time` int(10) unsigned NOT NULL DEFAULT '0' COMMENT 'åˆ›å»ºæ—¶é—´',
  PRIMARY KEY (`id`)
) ENGINE=MyISAM  DEFAULT CHARSET=utf8 AUTO_INCREMENT=7 ;

--
-- è½¬å­˜è¡¨ä¸­çš„æ•°æ® `rbac_picture`
--

INSERT INTO `rbac_picture` (`id`, `path`, `url`, `md5`, `sha1`, `status`, `create_time`) VALUES
(6, '', '', '', '', 0, 0);

-- --------------------------------------------------------

--
-- è¡¨çš„ç»“æ„ `rbac_project`
--

CREATE TABLE IF NOT EXISTS `rbac_project` (
  `id` int(11) NOT NULL AUTO_INCREMENT,
  `title` varchar(255) NOT NULL DEFAULT '' COMMENT 'è¯„å®¡é¡¹ç›®æ ‡é¢˜',
  `name` varchar(255) NOT NULL DEFAULT '' COMMENT 'è¯„å®¡é¡¹ç›®åç§°',
  `type` varchar(50) NOT NULL DEFAULT '' COMMENT 'è¯„å®¡è¾“å…¥ç±»å‹',
  `sort` int(11) unsigned NOT NULL DEFAULT '0' COMMENT 'è¯„å®¡é¡¹ç›®æ’åº',
  `default` varchar(255) DEFAULT 'ä¼˜ç§€/è‰¯å¥½/ä¸€èˆ¬/è¾ƒå·®',
  PRIMARY KEY (`id`)
) ENGINE=MyISAM  DEFAULT CHARSET=utf8 AUTO_INCREMENT=22 ;

--
-- è½¬å­˜è¡¨ä¸­çš„æ•°æ® `rbac_project`
--

INSERT INTO `rbac_project` (`id`, `title`, `name`, `type`, `sort`, `default`) VALUES
(2, 'åˆ›æ–°æ€§', 'innovation', '1', 10, 'ä¼˜ç§€/è‰¯å¥½/è¾ƒå·®'),
(3, 'å­¦æœ¯æ°´å¹³', 'learning', '1', 9, 'ä¼˜ç§€/è‰¯å¥½/è¾ƒå·®'),
(4, 'åº”ç”¨ä»·å€¼', 'apply', '1', 8, 'ä¼˜ç§€/è‰¯å¥½/ä¸€èˆ¬/è¾ƒå·®'),
(5, 'å†™ä½œæ°´å¹³', 'essay', '1', 7, 'ä¼˜ç§€/è‰¯å¥½/ä¸€èˆ¬/è¾ƒå·®'),
(6, 'ç»“è®ºå¯ä¿¡åº¦', 'trust', '1', 6, 'ä¼˜ç§€/è‰¯å¥½/ä¸€èˆ¬/è¾ƒå·®'),
(7, 'æ€»ä½“è¯„ä»·', 'overall', '1', 5, 'ä¼˜ç§€/è‰¯å¥½/ä¸€èˆ¬/è¾ƒå·®'),
(8, 'å®¡ç¨¿ç»“è®º', 'conclusion', '1', 4, 'ä¼˜ç§€/è‰¯å¥½/ä¸€èˆ¬/è¾ƒå·®'),
(10, 'å¦‚æœæ¨èä¼˜ç§€è®ºæ–‡ï¼Œè¯·ç»™è®ºæ–‡è¯„åˆ†ï¼Œè¾“å…¥0-100æ•°å€¼', 'mark', '2', 2, ''),
(13, 'è¯„è¯­æˆ–è€…ä¿®æ”¹æ„è§', 'comment', '3', 1, ''),
(18, 'é€‰é¢˜æ„ä¹‰', 'sense', '1', 11, 'ä¼˜ç§€/ä¸€èˆ¬/è¾ƒå·®');

-- --------------------------------------------------------

--
-- è¡¨çš„ç»“æ„ `rbac_role`
--

CREATE TABLE IF NOT EXISTS `rbac_role` (
  `id` smallint(6) unsigned NOT NULL AUTO_INCREMENT,
  `name` varchar(20) NOT NULL,
  `pid` smallint(6) DEFAULT NULL,
  `status` tinyint(1) unsigned DEFAULT NULL,
  `remark` varchar(255) DEFAULT NULL,
  PRIMARY KEY (`id`),
  KEY `pid` (`pid`),
  KEY `status` (`status`)
) ENGINE=MyISAM  DEFAULT CHARSET=utf8 AUTO_INCREMENT=5 ;

--
-- è½¬å­˜è¡¨ä¸­çš„æ•°æ® `rbac_role`
--

INSERT INTO `rbac_role` (`id`, `name`, `pid`, `status`, `remark`) VALUES
(1, 'expert', NULL, 1, 'ä¸“å®¶'),
(2, 'user', NULL, 1, 'æ™®é€šç”¨æˆ·'),
(3, 'author', NULL, 1, 'ä½œè€…'),
(4, 'test', NULL, 1, 'æµ‹è¯•äººå‘˜');

-- --------------------------------------------------------

--
-- è¡¨çš„ç»“æ„ `rbac_role_user`
--

CREATE TABLE IF NOT EXISTS `rbac_role_user` (
  `role_id` mediumint(8) unsigned DEFAULT NULL,
  `user_id` int(11) NOT NULL DEFAULT '0',
  KEY `group_id` (`role_id`),
  KEY `user_id` (`user_id`)
) ENGINE=MyISAM DEFAULT CHARSET=utf8;

--
-- è½¬å­˜è¡¨ä¸­çš„æ•°æ® `rbac_role_user`
--

INSERT INTO `rbac_role_user` (`role_id`, `user_id`) VALUES
(1, 5),
(3, 3),
(1, 4),
(2, 4),
(3, 4),
(4, 28),
(1, 9),
(2, 28),
(2, 2),
(NULL, 33),
(1, 34),
(1, 35),
(2, 36),
(3, 40),
(2, 40),
(2, 40),
(1, 41);

-- --------------------------------------------------------

--
-- è¡¨çš„ç»“æ„ `rbac_topic`
--

CREATE TABLE IF NOT EXISTS `rbac_topic` (
  `id` int(11) NOT NULL AUTO_INCREMENT,
  `name` varchar(255) NOT NULL DEFAULT '' COMMENT 'ä¸»é¢˜æ–¹å‘åç§°',
  `introduce` varchar(255) NOT NULL DEFAULT '' COMMENT 'ä¸»é¢˜ä»‹ç»',
  PRIMARY KEY (`id`)
) ENGINE=MyISAM  DEFAULT CHARSET=utf8 AUTO_INCREMENT=8 ;

--
-- è½¬å­˜è¡¨ä¸­çš„æ•°æ® `rbac_topic`
--

INSERT INTO `rbac_topic` (`id`, `name`, `introduce`) VALUES
(2, 'é›·è¾¾ç³»ç»Ÿ', 'Lorem ipsum dolor sit amet, consectetur adipisicing elit. Porro ipsa eaque rerum ea asperiores veniam cum praesentium accusantium inventore repellat quo harum autem sit provident ipsam aliquam neque numquam magni!'),
(3, 'å•†åŸ', 'Lorem ipsum dolor sit amet, consectetur adipisicing elit. Porro ipsa eaque rerum ea asperiores veniam cum praesentium accusantium inventore repellat quo harum autem sit provident ipsam aliquam neque numquam magni!'),
(4, 'ç¯å¢ƒ', 'Lorem ipsum dolor sit amet, consectetur adipisicing elit. Porro ipsa eaque rerum ea asperiores veniam cum praesentium accusantium inventore repellat quo harum autem sit provident ipsam aliquam neque numquam magni!'),
(6, 'æŠ€æœ¯', 'Lorem ipsum dolor sit amet, consectetur adipisicing elit. Porro ipsa eaque rerum ea asperiores veniam cum praesentium accusantium inventore repellat quo harum autem sit provident ipsam aliquam neque numquam magni!'),
(7, 'æµ‹è¯•', 'Lorem ipsum dolor sit amet, consectetur adipisicing elit. Porro ipsa eaque rerum ea asperiores veniam cum praesentium accusantium inventore repellat quo harum autem sit provident ipsam aliquam neque numquam magni!');

-- --------------------------------------------------------

--
-- è¡¨çš„ç»“æ„ `rbac_user`
--

CREATE TABLE IF NOT EXISTS `rbac_user` (
  `id` int(11) NOT NULL AUTO_INCREMENT,
  `username` varchar(255) NOT NULL DEFAULT '',
  `password` varchar(255) DEFAULT NULL,
  `ip` varchar(255) NOT NULL DEFAULT '',
  `createtime` varchar(255) NOT NULL DEFAULT '' COMMENT 'åŠ å…¥æ—¶é—´',
  `lock` tinyint(1) unsigned NOT NULL DEFAULT '0',
  `email` varchar(20) NOT NULL DEFAULT '',
  `enabled` tinyint(2) unsigned NOT NULL DEFAULT '1',
  `openid` varchar(50) NOT NULL DEFAULT '',
  `retime` varchar(255) DEFAULT NULL,
  `accessexpires` int(1) unsigned DEFAULT NULL,
  `name` varchar(255) DEFAULT NULL COMMENT 'å§“å',
  `accesstoken` varchar(255) DEFAULT NULL,
  `birthday` int(11) unsigned DEFAULT '0',
  `sex` tinyint(3) unsigned NOT NULL DEFAULT '3' COMMENT '1,ç”·ï¼Œ2å¥³ï¼Œ3ï¼Œä¿å¯†',
  `phone` int(11) unsigned DEFAULT NULL,
  PRIMARY KEY (`id`),
  UNIQUE KEY `username` (`username`),
  UNIQUE KEY `email` (`email`)
) ENGINE=MyISAM  DEFAULT CHARSET=utf8 AUTO_INCREMENT=42 ;

--
-- è½¬å­˜è¡¨ä¸­çš„æ•°æ® `rbac_user`
--

INSERT INTO `rbac_user` (`id`, `username`, `password`, `ip`, `createtime`, `lock`, `email`, `enabled`, `openid`, `retime`, `accessexpires`, `name`, `accesstoken`, `birthday`, `sex`, `phone`) VALUES
(5, 'expert', 'e10adc3949ba59abbe56e057f20f883e', '127.0.0.1', '1524657467', 0, '1733954140@qq.com', 1, '', '1525660809', 1525661109, NULL, '3327', 1524338288, 3, 1639747345),
(2, 'user', 'ee11cbb19052e40b07aac0ca060c23ee', '127.0.0.1', '1525004704', 0, '804600733@qq.com2', 0, '', NULL, NULL, NULL, NULL, 1524338288, 3, 1639747345),
(3, 'author', '02bd92faa38aaa6cc0ea75e59937a1ef', '127.0.0.1', '1524635855', 0, '804600733@qq.com3', 0, '', NULL, NULL, NULL, NULL, 1524338288, 3, 1639747345),
(4, 'manage', '70682896e24287b0476eff2a14c148f0', '127.0.0.1', '1524338288', 0, '804600733@qq.com4', 0, '', NULL, NULL, NULL, NULL, 1524338288, 3, 1639747345),
(1, 'admin', '21232f297a57a5a743894a0e4a801fc3', '127.0.0.1', '1524921724', 0, '804600733@qq.com', 0, '', NULL, NULL, NULL, NULL, 1524338288, 3, 1639747345),
(32, 'register', 'register', '127.0.0.1', '1525626313', 0, 'register@qq.com', 1, '', NULL, NULL, NULL, NULL, 0, 3, NULL),
(33, 'tony', '741718db1033d6b918c4480a8a443fc2', '127.0.0.1', '1525626877', 0, '78546456@qq.com', 1, '', NULL, NULL, NULL, NULL, 0, 3, NULL),
(28, 'test', 'e10adc3949ba59abbe56e057f20f883e', '127.0.0.1', '1524657467', 0, '845923033@qq.com', 0, '', NULL, NULL, '1232131231231', NULL, 1970, 1, 2147483647),
(34, 'testname', 'afe107acd2e1b816b5da87f79c90fdc7', '127.0.0.1', '1525626965', 0, 'testname@testname.co', 1, '', NULL, NULL, NULL, NULL, 0, 3, NULL),
(35, '1231', 'f7e0ef389ac6133c88aedbd66b44a4e1', '127.0.0.1', '1525628657', 0, '12312', 1, '', NULL, NULL, NULL, NULL, 0, 3, NULL),
(36, 'test1', '5a105e8b9d40e1329780d62ea2265d8a', '127.0.0.1', '1525629007', 0, 'test1@qq.com', 1, '', NULL, NULL, NULL, NULL, 0, 3, NULL),
(41, '000', 'b4b147bc522828731f1a016bfa72c073', '127.0.0.1', '1525752633', 0, '000', 1, '', NULL, NULL, NULL, NULL, 0, 3, NULL),
(40, '123123', '13123', '', '', 0, '123123123123@qq.com', 1, '', NULL, NULL, '123123213', NULL, 1970, 1, 1312312);

/*!40101 SET CHARACTER_SET_CLIENT=@OLD_CHARACTER_SET_CLIENT */;
/*!40101 SET CHARACTER_SET_RESULTS=@OLD_CHARACTER_SET_RESULTS */;
/*!40101 SET COLLATION_CONNECTION=@OLD_COLLATION_CONNECTION */;
